{
  "WorkItem": {
    "AffectedComponent": {
      "Name": "",
      "DisplayName": ""
    },
    "ClosedComment": "&#91;changeset&#58;23314&#93;&#91;changeset&#58;23315&#93;",
    "ClosedDate": "2009-07-01T06:29:00.613-07:00",
    "CommentCount": 0,
    "Custom": null,
    "Description": "Added support for joining CurStepChanged, CurUninstallStepChanged, DeinitializeSetup, RegisterPreviousData, InitializeUninstallProgressForm, DeinitializeUninstall",
    "LastUpdatedDate": "2013-05-14T18:14:58.313-07:00",
    "PlannedForRelease": "",
    "ReleaseVisibleToPublic": false,
    "Priority": {
      "Name": "Low",
      "Severity": 50,
      "Id": 1
    },
    "ProjectName": "issjoiner",
    "ReportedDate": "2009-07-01T06:12:40.77-07:00",
    "Status": {
      "Name": "Closed",
      "Id": 4
    },
    "ReasonClosed": {
      "Name": "Unassigned"
    },
    "Summary": "Added support for joining more event procedures",
    "Type": {
      "Name": "Feature",
      "Id": 1
    },
    "VoteCount": 1,
    "Id": 4446
  },
  "FileAttachments": [],
  "Comments": [
    {
      "Message": "http://issjoiner.codeplex.com/SourceControl/changeset/view/23314\r\n\r\n\n\n** Closed by bulatz 7/1/2009 6:13 AM",
      "PostedDate": "2009-07-01T06:27:25.41-07:00",
      "Id": -2147483648
    },
    {
      "Message": "",
      "PostedDate": "2009-07-01T06:27:26.583-07:00",
      "Id": -2147483648
    },
    {
      "Message": "",
      "PostedDate": "2009-07-01T06:28:22.38-07:00",
      "Id": -2147483648
    },
    {
      "Message": "",
      "PostedDate": "2009-07-01T06:29:00.613-07:00",
      "Id": -2147483648
    },
    {
      "Message": "",
      "PostedDate": "2013-02-12T20:08:25.537-08:00",
      "Id": -2147483648
    },
    {
      "Message": "",
      "PostedDate": "2013-05-14T18:14:58.313-07:00",
      "Id": -2147483648
    }
  ]
}