{
  "WorkItem": {
    "AffectedComponent": {
      "Name": "",
      "DisplayName": ""
    },
    "ClosedComment": "http&#58;&#47;&#47;issjoiner.codeplex.com&#47;SourceControl&#47;changeset&#47;view&#47;23387",
    "ClosedDate": "2009-07-02T05:41:45.617-07:00",
    "CommentCount": 0,
    "Custom": null,
    "Description": "Joined scripts may contain other sections ([Setup], [Files]...) as well as [Code]\n \nWe need to join them carefully so that final script still will be correct. In particular, we need to handle mixing of section-enable and section-less (only code) scripts",
    "LastUpdatedDate": "2013-05-14T18:14:58.187-07:00",
    "PlannedForRelease": "",
    "ReleaseVisibleToPublic": false,
    "Priority": {
      "Name": "Low",
      "Severity": 50,
      "Id": 1
    },
    "ProjectName": "issjoiner",
    "ReportedDate": "2009-07-02T05:40:56.007-07:00",
    "Status": {
      "Name": "Closed",
      "Id": 4
    },
    "ReasonClosed": {
      "Name": "Unassigned"
    },
    "Summary": "Support for multiple sections in scripts being joined",
    "Type": {
      "Name": "Feature",
      "Id": 1
    },
    "VoteCount": 1,
    "Id": 4457
  },
  "FileAttachments": [],
  "Comments": []
}