{
  "WorkItem": {
    "AffectedComponent": {
      "Name": "",
      "DisplayName": ""
    },
    "ClosedComment": "fixed in changeset 23311",
    "ClosedDate": "2009-07-01T06:02:27.52-07:00",
    "CommentCount": 0,
    "Custom": null,
    "Description": "Adding installer will allow us to autoregister Explorer shell extension",
    "LastUpdatedDate": "2013-05-14T18:14:58.443-07:00",
    "PlannedForRelease": "",
    "ReleaseVisibleToPublic": false,
    "Priority": {
      "Name": "Low",
      "Severity": 50,
      "Id": 1
    },
    "ProjectName": "issjoiner",
    "ReportedDate": "2009-07-01T06:00:01.16-07:00",
    "Status": {
      "Name": "Closed",
      "Id": 4
    },
    "ReasonClosed": {
      "Name": "Unassigned"
    },
    "Summary": "Add automatic program installer",
    "Type": {
      "Name": "Feature",
      "Id": 1
    },
    "VoteCount": 1,
    "Id": 4445
  },
  "FileAttachments": [],
  "Comments": []
}