{
  "WorkItem": {
    "AffectedComponent": {
      "Name": "",
      "DisplayName": ""
    },
    "ClosedComment": "",
    "ClosedDate": "2009-07-22T12:58:59.923-07:00",
    "CommentCount": 0,
    "Custom": null,
    "Description": "subj",
    "LastUpdatedDate": "2013-05-14T18:14:57.623-07:00",
    "PlannedForRelease": "",
    "ReleaseVisibleToPublic": false,
    "Priority": {
      "Name": "Low",
      "Severity": 50,
      "Id": 1
    },
    "ProjectName": "issjoiner",
    "ReportedDate": "2009-07-22T12:57:53.237-07:00",
    "Status": {
      "Name": "Closed",
      "Id": 4
    },
    "ReasonClosed": {
      "Name": "Unassigned"
    },
    "Summary": "Join standard functions with and/or/max rules for combining results",
    "Type": {
      "Name": "Feature",
      "Id": 1
    },
    "VoteCount": 1,
    "Id": 4625
  },
  "FileAttachments": [],
  "Comments": [
    {
      "Message": "The following functions support was implemented in 3.0: InitializeSetup NextButtonClick BackButtonClick ShouldSkipPage NeedRestart GetCustomSetupExitCode InitializeUninstall UninstallNeedRestart",
      "PostedDate": "2009-07-22T12:58:42.987-07:00",
      "Id": -2147483648
    },
    {
      "Message": "",
      "PostedDate": "2009-07-22T12:58:59.923-07:00",
      "Id": -2147483648
    },
    {
      "Message": "",
      "PostedDate": "2013-02-12T20:08:24.627-08:00",
      "Id": -2147483648
    },
    {
      "Message": "",
      "PostedDate": "2013-05-14T18:14:57.623-07:00",
      "Id": -2147483648
    }
  ]
}