{
  "WorkItem": {
    "AffectedComponent": {
      "Name": "",
      "DisplayName": ""
    },
    "ClosedComment": "http&#58;&#47;&#47;issjoiner.codeplex.com&#47;SourceControl&#47;changeset&#47;view&#47;23421",
    "ClosedDate": "2009-07-02T10:28:01.73-07:00",
    "CommentCount": 0,
    "Custom": null,
    "Description": "Allow to select 2+ files in Explorer and select \"Join scripts\" command from right-click menu to call joiner.exe",
    "LastUpdatedDate": "2013-05-14T18:14:58.053-07:00",
    "PlannedForRelease": "",
    "ReleaseVisibleToPublic": false,
    "Priority": {
      "Name": "Low",
      "Severity": 50,
      "Id": 1
    },
    "ProjectName": "issjoiner",
    "ReportedDate": "2009-07-02T10:27:49.947-07:00",
    "Status": {
      "Name": "Closed",
      "Id": 4
    },
    "ReasonClosed": {
      "Name": "Unassigned"
    },
    "Summary": "\"Join scripts\" command in Explorer",
    "Type": {
      "Name": "Feature",
      "Id": 1
    },
    "VoteCount": 1,
    "Id": 4460
  },
  "FileAttachments": [],
  "Comments": []
}