[
  {
    "Id": "0",
    "Name": "2.1",
    "DevelopmentStatus": "Stable",
    "Description": "Fixed problem: shell extension DLLs used the same ID as FreeArc ones so FreeArc and ISSJoiner menus cannot be shown simultaneously in Explorer. If your FreeArc menu disappeared, reenable it via FreeArc Settings dialog *after* installing new ISSJoiner version\n\n[Russian]\nИсправлена проблема: меню FreeArc в Explorer исчезало после установки ISSJoiner. Для восстановления меню зайдите в диалог Настройки FreeArc *после* установки новой версии ISSJoiner ",
    "ReleasedDatge": "0001-01-01T00:00:00",
    "ModifiedDate": "2009-07-03T00:33:29.997-07:00",
    "Files": [
      {
        "Id": "d361f9c6-df94-493d-a0a3-a1b3e75c31d0",
        "FileName": "IssJoiner.exe",
        "Url": "./0/d361f9c6-df94-493d-a0a3-a1b3e75c31d0",
        "Type": "Application",
        "UploadDate": "2009-07-03T00:33:29.857-07:00"
      }
    ]
  },
  {
    "Id": "1",
    "Name": "2.0",
    "DevelopmentStatus": "Stable",
    "Description": "New version makes it easier to use program:\n* automatic program installer and uninstaller\n* \"Join scripts\" command in Explorer right-click menu\n* joining scripts with any sections\n* support for joining 5 more procedures\n\n[Russian]\nНовая версия программы стала удобней в использовании:\n* автоматическая инсталляция и деинсталляция\n* команда \"Join scripts\" в Explorer ПКМ (меню по правой кнопке мыши)\n* объединение скриптов, содержащих любые секции\n* поддержка объединения ещё 5 стандартных процедур",
    "ReleasedDatge": "0001-01-01T00:00:00",
    "ModifiedDate": "2009-07-02T10:50:14.257-07:00",
    "Files": [
      {
        "Id": "2e7eb58b-271c-4683-910b-db3231e294d9",
        "FileName": "IssJoiner.exe",
        "Url": "./1/2e7eb58b-271c-4683-910b-db3231e294d9",
        "Type": "Application",
        "UploadDate": "2009-07-02T10:48:34.853-07:00"
      }
    ]
  },
  {
    "Id": "2",
    "Name": "1.0",
    "DevelopmentStatus": "Alpha",
    "Description": "Usage: joiner 11.iss 12.iss 13.iss 14.iss\n\nThe output is written to joined.iss\n\nSince it's first version, it's very limited. Now, it can only join together multiple definitions of InitializeWizard and CurPageChanged procedures. Also, it doesn't handle sections, input iss files should contain only contents of Code section. Examples directory contains example of input scripts and joined script generated from them. Sources are also included, in the case you know Haskell :)",
    "ReleasedDatge": "0001-01-01T00:00:00",
    "ModifiedDate": "2009-06-25T06:02:45.18-07:00",
    "Files": [
      {
        "Id": "bf65026c-578e-445b-a653-1ab889b1514b",
        "FileName": "IssJoiner10.zip",
        "Url": "./2/bf65026c-578e-445b-a653-1ab889b1514b",
        "Type": "Application",
        "UploadDate": "2009-06-25T05:57:59.31-07:00"
      }
    ]
  },
  {
    "Id": "3",
    "Name": "3.0",
    "DevelopmentStatus": "Stable",
    "Description": "* joining 8 more functions (_InitializeSetup NextButtonClick BackButtonClick ShouldSkipPage NeedRestart GetCustomSetupExitCode InitializeUninstall UninstallNeedRestart_), combining results they are return with and/or rules (depending on function)\n* documentation (Help shortcut in Programs Menu)\n* 64-bit Explorer integration\n\n[Russian]\n* научились сливать ещё 8 функций (_InitializeSetup NextButtonClick BackButtonClick ShouldSkipPage NeedRestart GetCustomSetupExitCode InitializeUninstall UninstallNeedRestart_) используя логику и/или (в зависимости от функции) для объединения возвращаемых ими результатов\n* документация (ярлык Помощь в меню Программы)\n* интеграция с 64-битным Explorer",
    "ReleasedDatge": "0001-01-01T00:00:00",
    "ModifiedDate": "2009-07-22T22:56:07.38-07:00",
    "Files": [
      {
        "Id": "7657c81b-bd65-460c-8c3c-8ffe437e0fcc",
        "FileName": "IssJoiner.exe",
        "Url": "./3/7657c81b-bd65-460c-8c3c-8ffe437e0fcc",
        "Type": "Application",
        "UploadDate": "2009-07-22T13:22:43.017-07:00"
      }
    ]
  }
]